0, "Backing tracks", "", "", "", ""
1, "1861 backing", "http://goran.tangring.com/backings/1861%20backing.mp3", "http://goran.tangring.com/tabs/T_1861.txt", "http://goran.tangring.com/chords/1861%20chords.xls", "http://goran.tangring.com/Renditions/The%20Shadows%20(Goran)%20-%201861.mp3"
2, "36-24-36 backing", "http://goran.tangring.com/backings/36-24-36%20backing.mp3", "http://goran.tangring.com/tabs/36-24-36_The%20Shadows.tab", "http://goran.tangring.com/chords/36-24-36.doc", ""
3, "A Sigh backing", "http://goran.tangring.com/backings/A%20Sigh%20backing.mp3", "http://goran.tangring.com/tabs/A%20Sigh_tab.txt", "http://goran.tangring.com/chords/A%20Sigh%20chords.xls", "http://goran.tangring.com/Renditions/The%20Shadows%20(Goran)%20-%20A%20Sigh.mp3"
4, "A Thing Of Beauty backing", "http://goran.tangring.com/backings/A%20Thing%20Of%20Beauty%20backing.mp3", "", "", "http://goran.tangring.com/Renditions/The%20Shadows%20(Goran)%20-%20A%20Thing%20Of%20Beauty.mp3"
5, "Alentejo backing", "http://goran.tangring.com/backings/Alentejo%20backing.mp3", "http://goran.tangring.com/tabs/Alentejo.tab", "http://goran.tangring.com/chords/Alentejo.txt", "http://goran.tangring.com/Renditions/The%20Shadows%20(Goran)%20-%20Alentejo.mp3"
6, "A Place In The Sun backing_with harmony lead", "http://goran.tangring.com/backings/A%20Place%20In%20The%20Sun%20backing_with%20harmony%20lead.mp3", "http://goran.tangring.com/tabs/A%20Place%20in%20the%20sun%20TAB.txt", "http://goran.tangring.com/chords/A%20place%20in%20the%20sun%20chords.xls", "http://goran.tangring.com/Renditions/The%20Shadows%20(Goran)%20-%20A%20Place%20In%20The%20Sun.mp3"
7, "A Place In The Sun backing_no harmony lead", "http://goran.tangring.com/backings/A%20Place%20In%20The%20Sun%20backing_no%20harmony%20lead.mp3", "", "", ""
8, "All Day backing", "http://goran.tangring.com/backings/All%20Day%20backing", "http://goran.tangring.com/tabs/All%20Day_The%20Shadows.tab", "", ""
9, "Apache Backing track", "http://goran.tangring.com/backings/Apache%20Backing%20track(Goran).mp3", "http://goran.tangring.com/tabs/apache.tab", "http://goran.tangring.com/chords/Apache.txt", "http://goran.tangring.com/Renditions/The%20Shadows%20(Goran)%20-%20Apache.mp3"
10, "Atlantis Backing track", "http://goran.tangring.com/backings/Atlantis%20Backing%20track(Goran).mp3", "http://goran.tangring.com/tabs/atlantis.tab", "http://goran.tangring.com/chords/Atlantis.doc", "http://goran.tangring.com/Renditions/The%20Shadows%20(Goran)%20-%20Atlantis.mp3"
11, "Back Home backing", "http://goran.tangring.com/backings/Back%20Home%20backing.mp3", "http://goran.tangring.com/tabs/Back%20Home.tab", "http://goran.tangring.com/chords/BACK%20HOME.doc", "http://goran.tangring.com/Renditions/The%20Shadows%20(Goran)%20-%20Back%20Home.mp3"
12, "Benno San backing", "http://goran.tangring.com/backings/Benno%20San%20backing.mp3", "", "", "http://goran.tangring.com/Renditions/The%20Shadows%20(Goran)%20-%20Benno%20San.mp3"
13, "Blue Shadows Backing Track", "http://goran.tangring.com/backings/Blue%20Shadows%20Backing%20Track(Goran).mp3", "http://goran.tangring.com/tabs/Blue%20Shadows.tab", "http://goran.tangring.com/chords/Blue%20Shadows%20chords.txt", "http://goran.tangring.com/Renditions/The%20Shadows%20(Goran)%20-%20Blue%20Shadows.mp3"
14, "Blue Sky Blue Sea Blue Me backing", "http://goran.tangring.com/backings/Blue%20Sky%20Blue%20Sea%20Blue%20Me%20backing.mp3", "http://goran.tangring.com/tabs/blueskyblueseablueme.tab", "http://goran.tangring.com/chords/Blue%20Sky%20blue%20sea%20blue%20me.txt", "http://goran.tangring.com/Renditions/The%20Shadows%20(Goran)%20-%20Blue%20Sky,Blue%20Sea,%20Blue%20Me.mp3"
15, "", "", "", "", "http://goran.tangring.com/Renditions/The%20Shadows%20(Goran)%20-%20Blue%20Sky,Blue%20Sea,%20Blue%20Me_v2.mp3"
16, "Blue Star backing", "http://goran.tangring.com/backings/Blue%20Star%20backing.mp3", "http://goran.tangring.com/tabs/bluestar.tab", "http://goran.tangring.com/chords/BlueStar.txt", "http://goran.tangring.com/Renditions/The%20Shadows%20(Goran)%20-%20Blue%20Star.mp3"
17, "Bossa Roo backing", "http://goran.tangring.com/backings/Bossa%20Roo%20backing.mp3", "http://goran.tangring.com/tabs/Bossa%20Roo%20TAB.htm", "http://goran.tangring.com/chords/BOSSA%20ROO.doc", "http://goran.tangring.com/Renditions/The%20Shadows%20(Goran)%20-%20Bossa%20Roo.mp3"
18, "Brazil backing", "http://goran.tangring.com/backings/Brazil%20backing.mp3", "http://goran.tangring.com/tabs/Brazil%20tab.txt", "http://goran.tangring.com/chords/Brazil.xls", "http://goran.tangring.com/Renditions/The%20Shadows%20(Goran)%20-%20Brazil.mp3"
19, "Cavatina backing", "http://goran.tangring.com/backings/Cavatina%20backing.mp3", "http://goran.tangring.com/tabs/cavatina.tab", "http://goran.tangring.com/chords/Cavatina.txt", "http://goran.tangring.com/Renditions/The%20Shadows%20(Goran)%20-%20Cavatina.mp3"
20, "Chattanooga Choo Choo Backing", "http://goran.tangring.com/backings/Chattanooga%20Choo%20Choo%20Backing%20by%20Goran.mp3", "http://goran.tangring.com/tabs/Chattanooga%20Choo%20Choo.tab", "http://goran.tangring.com/chords/chattanooga%20choo%20choo.xls", "http://goran.tangring.com/Renditions/The%20Shadows%20(Goran)%20-%20Chattanooga%20Choo%20Choo.mp3"
21, "Chu Chi backing", "http://goran.tangring.com/backings/ChuChi%20backing.mp3", "", "http://goran.tangring.com/chords/Chu-Chi.xls", "http://goran.tangring.com/Renditions/The%20Shadows%20(Goran)%20-%20ChuChi.mp3"
22, "Classical Gas backing", "http://goran.tangring.com/backings/Classical%20Gas%20backing.mp3", "", "", ""
23, "Concerto D'Aranjuez", "http://goran.tangring.com/backings/Aranjuez%20concierto%20backing.mp3", "", "", ""
24, "Cosy Backing Track", "http://goran.tangring.com/backings/Cosy%20Backing%20Track(Goran).mp3", "http://goran.tangring.com/tabs/Cosy_tab.txt", "http://goran.tangring.com/chords/cosy.xls", "http://goran.tangring.com/Renditions/The%20Shadows%20(Goran)%20-%20Cosy.mp3"
25, "Cricket Bat Boogie backing", "http://goran.tangring.com/backings/Cricket%20Bat%20Boogie%20backing.mp3", "http://goran.tangring.com/tabs/cricketbatboogie.Tab", "", "http://goran.tangring.com/Renditions/The%20Shadows%20(Goran)%20-%20Cricket%20Bat%20Boogie.mp3"
26, "Crocketts Theme backing", "http://goran.tangring.com/backings/Crocketts%20Theme%20backing.mp3", "http://goran.tangring.com/tabs/Crocketts%20theme%20tab.txt", "", "http://goran.tangring.com/Renditions/The%20Shadows%20(Goran)%20-%20Crocketts%20Theme.mp3"
27, "Dance On Backing track", "http://goran.tangring.com/backings/Dance%20On%20Backing%20track(Goran).mp3", "http://goran.tangring.com/tabs/danceon.tab", "http://goran.tangring.com/chords/DanceOn.txt", "http://goran.tangring.com/Renditions/The%20Shadows%20(Goran)%20-%20Dance%20On.mp3"
28, "Dean's Theme backing", "http://goran.tangring.com/backings/Dean's%20Theme%20backing.mp3", "http://goran.tangring.com/tabs/Dean's%20Theme_The%20Shadows.TAB", "", "http://goran.tangring.com/Renditions/The%20Shadows%20(Goran)%20-%20Dean's%20Theme.mp3"
29, "Deep Purple backing", "http://goran.tangring.com/backings/Deep%20Purple%20backing.mp3", "http://goran.tangring.com/tabs/Deep%20Purple.txt", "http://goran.tangring.com/chords/Deep%20Purple%20chords.xls", "http://goran.tangring.com/Renditions/The%20Shadows%20(Goran)%20-%20Deep%20Purple.mp3"
30, "Diamonds backing (Jet Harris)", "http://goran.tangring.com/backings/Diamonds%20backing.mp3", "http://goran.tangring.com/tabs/Diamonds_Goran.doc", "http://goran.tangring.com/chords/DIAMONDS.doc", "http://goran.tangring.com/Renditions/Jet%20Harris%20(Goran)%20-%20Diamonds.mp3"
31, "Don't cry for me Argentina backing", "http://goran.tangring.com/backings/Don't%20cry%20for%20me%20Argentina%20backing.mp3", "", "http://goran.tangring.com/chords/Don't%20Cry%20for%20me%20Argentina%20%20chords.xls", "http://goran.tangring.com/Renditions/The%20Shadows%20(Goran)%20-%20Don't%20cry%20for%20me%20Argentina.mp3"
32, "Don't cry for me Argentina backing (D)", "http://goran.tangring.com/backings/Don't%20cry%20for%20me%20Argentina%20backing%20in%20D.mp3", "http://goran.tangring.com/tabs/dontcryformeargentina.tab", "", ""
33, "Driftin' backing", "http://goran.tangring.com/backings/Driftin'%20backing.mp3", "http://goran.tangring.com/tabs/Driftin%20tab_opens%20with%20wordpad.txt", "", "http://goran.tangring.com/Renditions/The%20Shadows%20(Goran)%20-%20Driftin'.mp3"
34, "Equinoxe part V backing", "http://goran.tangring.com/backings/Equinox%20Part%20V%20backing.mp3", "http://goran.tangring.com/tabs/Equinoxe%20V_TAB.txt", "http://goran.tangring.com/chords/Equinoxe%20V%20chords.xls", "http://goran.tangring.com/Renditions/The%20Shadows%20(Goran)%20-%20Equinox%20Part%20V.mp3"
35, "Equinox Part V backing with timing aid", "http://goran.tangring.com/backings/Equinox%20Part%20V%20backing%20with%20timing%20aid.mp3", "", "http://goran.tangring.com/chords/EQUINOXE%20PART%20V.doc", ""
36, "Evening Glow backing 1967", "http://goran.tangring.com/backings/Evening%20Glow%20backing.mp3", "http://goran.tangring.com/tabs/Evening%20glow.txt", "", "http://goran.tangring.com/Renditions/The%20Shadows%20(Goran)%20-%20Evening%20Glow.mp3"
37, "F B I Backing track", "http://goran.tangring.com/backings/F%20B%20I%20%20Backing%20track(Goran).mp3", "http://goran.tangring.com/tabs/fbi.tab", "http://goran.tangring.com/chords/FBI.txt", "http://goran.tangring.com/Renditions/The%20Shadows%20(Goran)%20-%20F.B.I..mp3"
38, "Fandango Backing track", "http://goran.tangring.com/backings/Fandango%20Backing%20track(Goran).mp3", "http://goran.tangring.com/tabs/Fandango_The_Shadows.doc", "http://goran.tangring.com/chords/Fandango.xls", "http://goran.tangring.com/Renditions/The%20Shadows%20(Goran)%20-%20Fandango.mp3"
39, "Fender Bender backing", "http://goran.tangring.com/backings/Fender%20Bender%20backing.mp3", "http://goran.tangring.com/tabs/Fender%20Bender.tab", "http://goran.tangring.com/chords/Fender%20Bender%20chords.doc", "http://goran.tangring.com/Renditions/The%20Shadows%20(Goran)%20-%20Fender%20Bender.mp3"
40, "Find me a Golden street backing", "http://goran.tangring.com/backings/Find%20me%20a%20Golden%20street%20backing.mp3", "http://goran.tangring.com/tabs/goldenstreet.tab", "http://goran.tangring.com/chords/Find%20Me%20a%20Golden%20Street.xls", "http://goran.tangring.com/Renditions/The%20Shadows%20(Goran)%20-%20Find%20Me%20A%20Golden%20Street.mp3"
41, "Fly me to the moon backing", "http://goran.tangring.com/backings/Fly%20me%20to%20the%20moon%20backing.mp3", "", "", ""
42, "Foot Tapper Backing track", "http://goran.tangring.com/backings/Foot%20Tapper%20Backing%20track(Goran).mp3", "http://goran.tangring.com/tabs/foottapper.tab", "http://goran.tangring.com/chords/Foot-tapper.doc", "http://goran.tangring.com/Renditions/The%20Shadows%20(Goran)%20-%20Foot%20Tapper.mp3"
43, "French Dressing backing", "http://goran.tangring.com/backings/French%20Dressing%20backing.mp3", "http://goran.tangring.com/tabs/French%20Dressing.tab", "http://goran.tangring.com/chords/FRENCH%20DRESSING.doc", "http://goran.tangring.com/Renditions/The%20Shadows%20(Goran)%20-%20French%20Dressing.mp3"
44, "Genie with the light brown lamp backing", "http://goran.tangring.com/backings/Genie%20with%20the%20light%20brown%20lamp%20backing.mp3", "http://goran.tangring.com/tabs/Genie%20with%20the%20Light%20Brown%20Lamp%20tab.txt", "http://goran.tangring.com/chords/Genie%20WTLBL.txt", "http://goran.tangring.com/Renditions/The%20Shadows%20(Goran)%20-%20Genie%20with%20the%20light%20brown%20lamp.mp3"
45, "Geronimo backing", "http://goran.tangring.com/backings/Geronimo%20backing.mp3", "http://goran.tangring.com/tabs/geronimo.tab", "http://goran.tangring.com/chords/C_geronimo.txt", "http://goran.tangring.com/Renditions/The%20Shadows%20(Goran)%20-%20Geronimo.mp3"
46, "Ghost Riders inThe sky backing", "http://goran.tangring.com/backings/Riders%20inThe%20sky%20backing.mp3", "http://goran.tangring.com/tabs/Riders%20in%20the%20sky%20tab.txt", "http://goran.tangring.com/chords/Riders%20In%20The%20Sky.doc", "http://goran.tangring.com/Renditions/The%20Shadows%20(Goran)%20-%20Ghost%20Riders%20in%20the%20sky.mp3"
47, "Going Home backing (Theme from Local Hero)", "http://goran.tangring.com/backings/Going%20Home%20backing.mp3", "http://goran.tangring.com/tabs/Going%20Home_tab.txt", "http://goran.tangring.com/chords/Going%20Home%20chords.txt", "http://goran.tangring.com/Renditions/The%20Shadows%20(Goran)%20-%20Going%20Home.mp3"
48, "Going Home backing with applauses", "http://goran.tangring.com/backings/Going%20Home%20backing%20with%20applauses.mp3", "", "", ""
49, "Gonzales backing", "http://goran.tangring.com/backings/Gonzales%20backing.mp3", "http://goran.tangring.com/tabs/GONZALES.txt", "http://goran.tangring.com/chords/Gonzales.xls", "http://goran.tangring.com/Renditions/The%20Shadows%20(Goran)%20-%20Gonzales.mp3"
50, "Granada backing", "http://goran.tangring.com/backings/Granada%20backing.mp3", "http://goran.tangring.com/tabs/Granada%20Tab.TAB", "http://goran.tangring.com/chords/Granada%20chords.xls", "http://goran.tangring.com/Renditions/The%20Shadows%20(Goran)%20-%20Granada.mp3"
51, "Guitar Tango Backing track", "http://goran.tangring.com/backings/Guitar%20Tango%20Backing%20track(Goran).mp3", "http://goran.tangring.com/tabs/guitartango.tab", "http://goran.tangring.com/chords/C_guitartango.txt", "http://goran.tangring.com/Renditions/The%20Shadows%20(Goran)%20-%20Guitar%20Tango.mp3"
52, "Heartbeat backing", "http://goran.tangring.com/backings/Heartbeat%20backing.mp3", "http://goran.tangring.com/tabs/Heartbeat%20TAB.PDF", "", "http://goran.tangring.com/Renditions/The%20Shadows%20(Goran)%20-%20Heartbeat.mp3"
53, "Holy Cow backing", "http://goran.tangring.com/backings/Holy%20Cow%20backing.mp3", "http://goran.tangring.com/tabs/Holy%20CowTAB.txt", "", "http://goran.tangring.com/Renditions/The%20Shadows%20(Goran)%20-%20Holy%20Cow.mp3"
54, "How Do I Love Thee Backing", "http://goran.tangring.com/backings/How%20Do%20I%20Love%20Thee%20Backing.mp3", "http://goran.tangring.com/tabs/How%20Do%20I%20Love%20Thee%20tab.txt", "", "http://goran.tangring.com/Renditions/The%20Shadows%20(Goran)%20-%20How%20Do%20I%20Love%20Thee.mp3"
55, "I Will Return backing", "http://goran.tangring.com/backings/I%20Will%20Return%20backing.mp3", "http://goran.tangring.com/tabs/I%20Will%20Return_tab..txt", "", "http://goran.tangring.com/Renditions/The%20Shadows%20(Goran)%20-%20I%20Will%20Return.mp3"
56, "In the mood backing", "http://goran.tangring.com/backings/In%20the%20mood%20backing.mp3", "http://goran.tangring.com/tabs/In%20the%20mood.tab", "http://goran.tangring.com/chords/In%20the%20mood%20chords.txt", "http://goran.tangring.com/Renditions/The%20Shadows%20(Goran)%20-%20In%20the%20mood.mp3"
57, "It's a Man's World Backing track", "http://goran.tangring.com/backings/It's%20a%20Man's%20World%20Backing%20track(Goran).mp3", "http://goran.tangring.com/tabs/It's%20A%20Man's%20World_TAB.txt", "http://goran.tangring.com/chords/It's%20A%20Man's%20World%20chords.xls", "http://goran.tangring.com/Renditions/The%20Shadows%20(Goran)%20-%20It's%20a%20man's%20world.mp3"
58, "It's been A Blue Day backing", "http://goran.tangring.com/backings/It's%20been%20A%20Blue%20Day%20backing.mp3", "http://goran.tangring.com/tabs/itsbeenablueday.tab", "http://goran.tangring.com/chords/It's%20been%20a%20blue%20day.xls", "http://goran.tangring.com/Renditions/The%20Shadows%20(Goran)%20-%20It's%20been%20A%20Blue%20Day.mp3"
59, "Jessica (Shadows version) backing", "http://goran.tangring.com/backings/Jessica(Shadows)%20backing.mp3", "", "", ""
60, "Jet Black Backing Track(Goran)", "http://goran.tangring.com/backings/Jet%20Black%20Backing%20Track(Goran).mp3", "", "", "http://goran.tangring.com/Renditions/The%20Shadows%20(Goran)%20-%20Jet%20Black.mp3"
61, "Kon Tiki backing", "http://goran.tangring.com/backings/Kon%20Tiki%20backing.mp3", "http://goran.tangring.com/tabs/kontiki.tab", "http://goran.tangring.com/chords/Kontiki.txt", "http://goran.tangring.com/Renditions/The%20Shadows%20(Goran)%20-%20Kon%20Tiki.mp3"
62, "Lady Penelope backing", "http://goran.tangring.com/backings/Lady%20Penelope%20backing.mp3", "", "", ""
63, "Las Tres Carabelas", "http://goran.tangring.com/backings/Las%20Tres%20Carabelas%20backing.mp3", "http://goran.tangring.com/tabs/Las_Tres_Carabelas_Goran_The_Shadows_tab.doc", "http://goran.tangring.com/chords/LAS%20TRES%20CARABELAS%20(THE%20THREE%20GALLEONS).doc", "http://goran.tangring.com/Renditions/The%20Shadows%20(Goran)%20-%20Las%20Tres%20Carabelas.mp3"
64, "Les Girls backing", "http://goran.tangring.com/backings/Les%20Girls%20backing.mp3", "http://goran.tangring.com/tabs/Les%20Girls-The%20Shadows_opens%20with%20wordpad.doc", "http://goran.tangring.com/chords/Les%20Girls.txt", "http://goran.tangring.com/Renditions/The%20Shadows%20(Goran)%20-%20Les%20Girls.mp3"
65, "Little Princess backing", "http://goran.tangring.com/backings/Little%20Princess%20backing.mp3", "http://goran.tangring.com/tabs/littleprincesstab.txt", "http://goran.tangring.com/chords/Little%20Princess.xls", "http://goran.tangring.com/Renditions/The%20Shadows%20(Goran)%20-%20Little%20Princess.mp3"
66, "Maid Marions Theme Backing Track", "http://goran.tangring.com/backings/Maid%20Marion%20Backing%20Track(Goran).mp3", "http://goran.tangring.com/tabs/Maid%20Marion's%20Theme_TAB.txt", "http://goran.tangring.com/chords/Maid%20Marion's%20Theme%20chords.xls", "http://goran.tangring.com/Renditions/The%20Shadows%20(Goran)%20-%20Maid%20Marions%20Theme.mp3"
67, "Main Theme backing", "http://goran.tangring.com/backings/Main%20Theme%20backing.mp3", "http://goran.tangring.com/tabs/Main%20Theme%20tab.txt", "http://goran.tangring.com/chords/main%20theme.xls", "http://goran.tangring.com/Renditions/The%20Shadows%20(Goran)%20-%20Main%20Theme.mp3"
68, "Man of Mystery Backing track", "http://goran.tangring.com/backings/Man%20of%20Mystery%20Backing%20track(Goran).mp3", "http://goran.tangring.com/tabs/Man%20of%20Mystery_tab%20by%20Goran.txt", "http://goran.tangring.com/chords/Man%20Of%20Mystery.doc", "http://goran.tangring.com/Renditions/The%20Shadows%20(Goran)%20-%20Man%20of%20Mystery.mp3"
69, "Maria Elena backing", "http://goran.tangring.com/backings/Maria%20Elena%20backing.mp3", "http://goran.tangring.com/tabs/Maria%20Elena_The%20Shadows_tab.pdf", "http://goran.tangring.com/chords/maria%20elena.xls", ""
70, "Midnight backing", "http://goran.tangring.com/backings/Midnight%20backing.mp3", "http://goran.tangring.com/tabs/midnight.tab", "http://goran.tangring.com/chords/Midnight.xls", "http://goran.tangring.com/Renditions/The%20Shadows%20(Goran)%20-%20Midnight.mp3"
71, "Mozart Forte backing", "http://goran.tangring.com/backings/Mozart%20Forte%20backing.mp3", "http://goran.tangring.com/tabs/Mozart%20Forte.txt", "http://goran.tangring.com/chords/Mozart%20Forte.xls", "http://goran.tangring.com/Renditions/The%20Shadows%20(Goran)%20-%20Mozart%20Forte.mp3"
72, "Mustang backing", "http://goran.tangring.com/backings/Mustang%20backing.mp3", "http://goran.tangring.com/tabs/Mustang.tab", "http://goran.tangring.com/chords/MUSTANG.doc", "http://goran.tangring.com/Renditions/The%20Shadows%20(Goran)%20-%20Mustang.mp3"
73, "My Heart will go on (Titanic Theme) backing", "http://goran.tangring.com/backings/My%20heart%20will%20go%20on%20backing.mp3", "http://goran.tangring.com/tabs/My%20heart%20will%20go%20on.tab", "http://goran.tangring.com/chords/chords%20my%20heart%20will%20go%20on.xls", "http://goran.tangring.com/Renditions/The%20Shadows%20(Goran)%20-%20My%20Heart%20Will%20Go%20On.mp3"
74, "My Resistance Is Low backing", "http://goran.tangring.com/backings/My%20Resistance%20Is%20Low%20backing.mp3", "http://goran.tangring.com/tabs/myresistanceislow.tab", "http://goran.tangring.com/chords/C_myresistanceislow.txt", "http://goran.tangring.com/Renditions/The%20Shadows%20(Goran)%20-%20My%20Resistance%20is%20Low.mp3"
75, "National Provincial Samba backing", "http://goran.tangring.com/backings/National%20Provincial%20Samba%20backing.mp3", "http://goran.tangring.com/tabs/National%20provincial%20Samba.txt", "http://goran.tangring.com/chords/National%20Provincial%20Samba%20chords.xls", "http://goran.tangring.com/Renditions/The%20Shadows%20(Goran)%20-%20National%20Provincial%20Samba.mp3"
76, "Naughty Nippon Nights backing", "http://goran.tangring.com/backings/Naughty%20Nippon%20Nights%20backing.mp3", "http://goran.tangring.com/tabs/Naughty%20Nippon%20NIghtsTAB.txt", "http://goran.tangring.com/chords/Naughty%20Nippon%20Nights%20bass%20tab%20+%20basic%20chords.PDF", "http://goran.tangring.com/Renditions/The%20Shadows%20(Goran)%20-%20Naughty%20Nippon%20Nights.mp3"
77, "Nivram Backing Track", "http://goran.tangring.com/backings/Nivram%20Backing%20Track.mp3", "http://goran.tangring.com/tabs/Nivram.txt", "http://goran.tangring.com/chords/NIVRAM.doc", "http://goran.tangring.com/Renditions/The%20Shadows%20(Goran)%20-%20Nivram.mp3"
78, "Parisienne Walkways Backing track", "http://goran.tangring.com/backings/Parisienne%20Walkways%20Backing%20track(Goran).mp3", "http://goran.tangring.com/tabs/Parisienne%20Walkways_Wordpad.txt", "http://goran.tangring.com/chords/ParisienneWalkways.txt", "http://goran.tangring.com/Renditions/The%20Shadows%20(Goran)%20-%20Parisienne%20walkways.mp3"
79, "Peace Pipe Backing track", "http://goran.tangring.com/backings/Peace%20Pipe%20Backing%20track(Goran).mp3", "http://goran.tangring.com/tabs/peacepipe.tab", "http://goran.tangring.com/chords/PeacePipe.txt", "http://goran.tangring.com/Renditions/The%20Shadows%20(Goran)%20-%20Peacepipe.mp3"
80, "Perfidia backing", "http://goran.tangring.com/backings/Perfidia%20backing.mp3", "http://goran.tangring.com/tabs/perfidia.tab", "http://goran.tangring.com/chords/Perfidia%20chords.xls", "http://goran.tangring.com/Renditions/The%20Shadows%20(Goran)%20-%20Perfidia.mp3"
81, "Quartermassters Stores backing", "http://goran.tangring.com/backings/Quartermassters%20Stores%20backing.mp3", "http://goran.tangring.com/tabs/Quartermassters%20Stores%20solo%20tab.txt", "http://goran.tangring.com/chords/Quarterrmassters%20store%20chords.xls", "http://goran.tangring.com/Renditions/The%20Shadows%20(Goran)%20-%20Quartermasster's%20Stores.mp3"
82, "Return to The Alamo backing track", "http://goran.tangring.com/backings/Return%20to%20The%20Alamo%20backing.mp3", "http://goran.tangring.com/tabs/Return%20to%20The%20Alamo%20tab.txt", "http://goran.tangring.com/chords/Alamo.xls", "http://goran.tangring.com/Renditions/The%20Shadows%20(Goran)%20-%20Return%20to%20The%20Alamo.mp3"
83, "Rise &amp; Fall of Flingel Bunt Backing", "http://goran.tangring.com/backings/The%20Rise%20&%20Fall%20of%20Flingel%20Bunt%20Backing.mp3", "http://goran.tangring.com/tabs/flinglebunt.tab", "http://goran.tangring.com/chords/C_flinglebunt.txt", "http://goran.tangring.com/Renditions/The%20Shadows%20(Goran)%20-%20Rise%20and%20Fall%20of%20Flingel%20Bunt.mp3"
84, "Round and Round Backing track", "http://goran.tangring.com/backings/Round%20and%20Round%20Backing%20track(Goran).mp3", "http://goran.tangring.com/tabs/roundandround.tab", "http://goran.tangring.com/chords/C_roundandround.txt", "http://goran.tangring.com/Renditions/The%20Shadows%20(Goran)%20-%20Round%20and%20Round.mp3"
85, "Sacha backing", "http://goran.tangring.com/backings/Sacha%20backing.mp3", "http://goran.tangring.com/tabs/Sacha_Hank_B_Marvin[1].txt", "", ""
86, "Santa Ana Backing Track", "http://goran.tangring.com/backings/Santa%20Ana%20Backing%20Track(Goran).mp3", "http://goran.tangring.com/tabs/Santa%20Ana.tab", "http://goran.tangring.com/chords/SantaAna.txt", "http://goran.tangring.com/Renditions/The%20Shadows%20(Goran)%20-%20Santa%20Ana.mp3"
87, "Shadoogie Backing Track", "http://goran.tangring.com/backings/Shadoogie%20backing.mp3", "http://goran.tangring.com/tabs/Shadoogie%20tab.txt", "", "http://goran.tangring.com/Renditions/The%20Shadows%20(Goran)%20-%20Shadoogie.mp3"
88, "Shazam Backing track", "http://goran.tangring.com/backings/Shazam%20Backing%20track(Goran).mp3", "http://goran.tangring.com/tabs/Shazam_tab_by%20Goran.tab", "", "http://goran.tangring.com/Renditions/The%20Shadows%20(Goran)%20-%20Shazam.mp3"
89, "Shindig Backing Track", "http://goran.tangring.com/backings/Shindig%20Backing%20Track(Goran).mp3", "http://goran.tangring.com/tabs/shindig.tab", "http://goran.tangring.com/chords/Shindig.doc", "http://goran.tangring.com/Renditions/The%20Shadows%20(Goran)%20-%20Shindig.mp3"
90, "Shotgun backing", "http://goran.tangring.com/backings/Shotgun%20backing.mp3", "http://goran.tangring.com/tabs/Shotgun_TAB.txt", "", ""
91, "Sleepwalk Backing Track", "http://goran.tangring.com/backings/Sleepwalk%20Backing%20Track(Goran).mp3", "http://goran.tangring.com/tabs/Sleepwalk%20tab.txt", "http://goran.tangring.com/chords/Sleepwalk.txt", "http://goran.tangring.com/Renditions/The%20Shadows%20(Goran)%20-%20Sleep%20walk.mp3"
92, "Snap, Crackle &amp; How's Your Dad, no lead", "http://goran.tangring.com/backings/Snap,%20Crackle%20and%20How's%20your%20Dad%20backing%20no%20lead.mp3", "http://goran.tangring.com/tabs/Snap,%20Crackle%20and%20How's%20your%20dad%20Tab.txt", "http://goran.tangring.com/chords/Snap%20Crackle%20and%20How's%20Your%20Dad.xls", "http://goran.tangring.com/Renditions/The%20Shadows%20(Goran)%20-%20Snap,%20Crackle%20and%20How's%20your%20dad.mp3"
93, "Snap, Crackle &amp; How's Your Dad, with 2:nd lead", "http://goran.tangring.com/backings/Snap,%20Crackle%20and%20How's%20your%20Dad%20backing%20with%20second%20guit.mp3", "", "", ""
94, "South of the border backing", "http://goran.tangring.com/backings/South%20of%20the%20border%20backing.mp3", "http://goran.tangring.com/tabs/South_Of_The_Border_Goran.TAB", "http://goran.tangring.com/chords/South%20of%20the%20Boarder%20chordsl.xls", "http://goran.tangring.com/Renditions/The%20Shadows%20(Goran)%20-%20South%20of%20the%20border.mp3"
95, "Spring is nearly here_backing", "http://goran.tangring.com/backings/Spring%20is%20nearly%20here_backing.mp3", "http://goran.tangring.com/tabs/Spring%20is%20nearly%20here.tab", "http://goran.tangring.com/chords/Spring%20is%20nearly%20here%20chords.txt", "http://goran.tangring.com/Renditions/The%20Shadows%20(Goran)%20-%20Spring%20is%20nearly%20here.mp3"
96, "Stars fell on Stockton backing", "http://goran.tangring.com/backings/Stars%20fell%20on%20Stockton%20backing.mp3", "http://goran.tangring.com/tabs/starsfellonstockton.tab", "http://goran.tangring.com/chords/STARS%20FELL%20ON%20STOCKTON.doc", "http://goran.tangring.com/Renditions/The%20Shadows%20(Goran)%20-%20Stars%20fell%20on%20Stockton.mp3"
97, "Stingray backing", "http://goran.tangring.com/backings/Stingray%20backing.mp3", "http://goran.tangring.com/tabs/Stingray_The_Shadows_tab.doc", "http://goran.tangring.com/chords/Stingray.xls", "http://goran.tangring.com/Renditions/The%20Shadows%20(Goran)%20-%20Stingray.mp3"
98, "Tales of a raggy tramline backing", "http://goran.tangring.com/backings/Tales%20of%20a%20raggy%20tramline%20backing.mp3", "http://goran.tangring.com/tabs/Tales%20Of%20A%20Raggy%20Tramline.txt", "http://goran.tangring.com/chords/Tales%20of%20a%20Raggy%20Tramline.xls", "http://goran.tangring.com/Renditions/The%20Shadows%20(Goran)%20-%20Tales%20of%20a%20raggy%20tramline.mp3"
99, "Tenessee Waltz backing", "http://goran.tangring.com/backings/Tenessee%20Waltz%20backing.mp3", "http://goran.tangring.com/tabs/Tennessee%20Walz_tab.txt", "http://goran.tangring.com/chords/Tennessee%20Walz%20chords.txt", "http://goran.tangring.com/Renditions/The%20Shadows%20(Goran)%20-%20Tenesse%20Waltz.mp3"
100, "Temptation Backing Track", "http://goran.tangring.com/backings/Temptation%20Backing%20Track(Goran).mp3", "http://goran.tangring.com/tabs/temptation.tab", "http://goran.tangring.com/chords/Temptation%20chords.xls", "http://goran.tangring.com/Renditions/The%20Shadows%20(Goran)%20-%20Temptation.mp3"
101, "That'll be the day backing", "http://goran.tangring.com/backings/That'll%20be%20the%20day%20backing.mp3", "", "", ""
102, "The Boys backing", "http://goran.tangring.com/backings/The%20Boys%20backing.mp3", "http://goran.tangring.com/tabs/the%20boys.tab", "", "http://goran.tangring.com/Renditions/The%20Shadows%20(Goran)%20-%20The%20Boys.mp3"
103, "The Breeze and I Backing Track", "http://goran.tangring.com/backings/The%20Breeze%20and%20I%20Backing%20Track(Goran).mp3", "http://goran.tangring.com/tabs/thebreezeandi.tab", "http://goran.tangring.com/chords/The%20Breeze%20and%20I.doc", "http://goran.tangring.com/Renditions/The%20Shadows%20(Goran)%20-%20The%20Breeze%20and%20I.mp3"
104, "The crying game backing", "http://goran.tangring.com/backings/The%20crying%20game%20backing.mp3", "http://goran.tangring.com/tabs/The%20Crying%20Game_Guitar%201_tab.txt", "", ""
105, "The Flyder &amp; The Spy backing", "http://goran.tangring.com/backings/The%20Flyder%20&%20The%20Spy%20backing.mp3", "http://goran.tangring.com/tabs/The%20Flyder%20and%20The%20Spy%20tab.txt", "http://goran.tangring.com/chords/Flyder%20and%20the%20Spy.xls", "http://goran.tangring.com/Renditions/The%20Shadows%20(Goran)%20-%20The%20Flyder%20&%20The%20Spy.mp3"
106, "The Frightened City Backing track", "http://goran.tangring.com/backings/The%20Frightened%20City%20Backing%20track(Goran).mp3", "http://goran.tangring.com/tabs/thefrightenedcity.tab", "http://goran.tangring.com/chords/C_thefrightenedcity.txt", "http://goran.tangring.com/Renditions/The%20Shadows%20(Goran)%20-%20The%20Frightened%20City.mp3"
107, "The Good, The Bad and The Ugly backing", "http://goran.tangring.com/backings/The%20Good,%20The%20Bad%20and%20The%20Ugly%20backing.mp3", "http://goran.tangring.com/tabs/The%20good,%20the%20bad%20and%20the%20ugly%20TAB.txt", "http://goran.tangring.com/chords/Theme%20from%20the%20Good,%20the%20Bad%20and%20the%20Ugly%20CHORDS.xls", "http://goran.tangring.com/Renditions/The%20Shadows%20(Goran)%20-%20The%20Good,%20The%20Bad%20and%20The%20Ugly.mp3"
108, "The Girls backing", "http://goran.tangring.com/backings/The%20Girls%20backing.mp3", "http://goran.tangring.com/tabs/The_Girls_The_Shadows_tab.doc", "", "http://goran.tangring.com/Renditions/The%20Shadows%20(Goran)%20-%20The%20Girls.mp3"
109, "The High &amp; The Mighty backing", "http://goran.tangring.com/backings/The%20High%20&%20The%20Mighty%20backing.mp3", "http://goran.tangring.com/tabs/The%20High%20and%20The%20Mighty%20tab.txt", "http://goran.tangring.com/chords/The%20High%20and%20The%20Mighty.xls", "http://goran.tangring.com/Renditions/The%20Shadows%20(Goran)%20-%20The%20High%20and%20The%20Mighty.mp3"
110, "The Lonely Bull Backing track", "http://goran.tangring.com/backings/The%20Lonely%20Bull%20Backing%20track(Goran).mp3", "http://goran.tangring.com/tabs/Lonely%20Bull.tab", "http://goran.tangring.com/chords/The%20Lonely%20Bull%20chords.xls", "http://goran.tangring.com/Renditions/The%20Shadows%20(Goran)%20-%20The%20Lonely%20Bull.mp3"
111, "The Lost City backing", "http://goran.tangring.com/backings/The%20Lost%20City%20backing.mp3", "http://goran.tangring.com/tabs/T_thelostcity.txt", "http://goran.tangring.com/chords/TheLostCity.txt", "http://goran.tangring.com/Renditions/The%20Shadows%20(Goran)%20-%20The%20Lost%20City.mp3"
112, "The Miracle backing", "http://goran.tangring.com/backings/The%20Miracle%20backing.mp3", "http://goran.tangring.com/tabs/T_themiracle.txt", "http://goran.tangring.com/chords/The%20Miracle%20chords.xls", "http://goran.tangring.com/Renditions/The%20Shadows%20(Goran)%20-%20The%20Miracle.mp3"
113, "The Old Romantics backing", "http://goran.tangring.com/backings/The%20Old%20Romantics%20backing%20by%20Goran.mp3", "http://goran.tangring.com/chords/old_romantics.rtf", "", ""
114, "The Rumble backing", "http://goran.tangring.com/backings/The%20rumble%20backing.mp3", "http://goran.tangring.com/tabs/The%20Rumble%20tab.txt", "http://goran.tangring.com/chords/The%20Rumble.txt", "http://goran.tangring.com/Renditions/The%20Shadows%20(Goran)%20-%20The%20rumble.mp3"
115, "The Savage backing", "http://goran.tangring.com/backings/The%20Savage%20backing.mp3", "http://goran.tangring.com/tabs/thesavage.tab", "http://goran.tangring.com/chords/TheSavage.txt", "http://goran.tangring.com/Renditions/The%20Shadows%20(Goran)%20-%20The%20Savage.mp3"
116, "", "", "http://goran.tangring.com/tabs/Witch%20doctor%20solo_tab.txt", "", "http://goran.tangring.com/Renditions/The%20Shadows%20(Goran)%20-%20Whitchdoctor%20solo%20take%203.mp3"
117, "The Sounds Of Silence backing (Didier Frechet)", "http://goran.tangring.com/backings/The%20Sounds%20Of%20Silence%20backing%20(Didier%20Frechet).mp3", "", "", "http://goran.tangring.com/Renditions/The%20Shadows%20(Didier%20Frechet)%20-%20The%20Sounds%20Of%20Silence.mp3"
118, "The Stranger Backing track", "http://goran.tangring.com/backings/The%20Stranger%20Backing%20track(Goran).mp3", "http://goran.tangring.com/tabs/The_Stranger.txt", "http://goran.tangring.com/chords/The%20Stranger.xls", "http://goran.tangring.com/Renditions/The%20Shadows%20(Goran)%20-%20The%20Stranger.mp3"
119, "The Young Ones backing", "http://goran.tangring.com/backings/The%20Young%20Ones%20backing.mp3", "http://goran.tangring.com/tabs/The%20Young%20ones%20tab.PDF", "", "http://goran.tangring.com/Renditions/The%20Shadows%20(Goran)%20-%20The%20Young%20Ones.mp3"
120, "The Young Ones backing_no intro guitar", "http://goran.tangring.com/backings/The%20Young%20Ones%20backing_no%20intro%20guitar.mp3", "", "", ""
121, "Theme For Young Lovers Backing NO strings", "http://goran.tangring.com/backings/Theme%20for%20Young%20Lovers%20Backing%20NO%20strings.mp3", "http://goran.tangring.com/tabs/themeforyounglovers.tab", "http://goran.tangring.com/chords/C_younglovers.txt", "http://goran.tangring.com/Renditions/The%20Shadows%20(Goran)%20-%20Theme%20for%20Young%20Lovers.mp3"
122, "Theme For Young Lovers WITH strings", "http://goran.tangring.com/backings/Theme%20for%20Young%20Lovers%20Backing%20WITH%20strings.mp3", "", "", ""
123, "Theme from Shane backing", "http://goran.tangring.com/backings/Theme%20from%20Shane%20backing.mp3", "http://goran.tangring.com/tabs/Shane.txt", "http://goran.tangring.com/chords/C_themefromshane.txt", "http://goran.tangring.com/Renditions/The%20Shadows%20(Goran)%20-%20Theme%20from%20Shane.mp3"
124, "Theme from The Boys backing", "http://goran.tangring.com/backings/Theme%20from%20The%20Boys%20backing.mp3", "", "", "http://goran.tangring.com/Renditions/The%20Shadows%20(Goran)%20-%20Theme%20from%20The%20Boys.mp3"
125, "Tokaido Line backing", "http://goran.tangring.com/backings/Tokkaido%20Line%20backing.mp3", "http://goran.tangring.com/tabs/Tokaido%20Line%20tab.txt", "http://goran.tangring.com/chords/Tokaido%20Line%20chords.xls", "http://goran.tangring.com/Renditions/The%20Shadows%20(Goran)%20-%20Tokkaido%20Line.mp3"
126, "Tonight backing", "http://goran.tangring.com/backings/Tonight%20backing.mp3", "http://goran.tangring.com/tabs/Tonight%20tab.txt", "http://goran.tangring.com/chords/Tonight_crd.doc", "http://goran.tangring.com/Renditions/The%20Shadows%20(Goran)%20-%20Tonight.mp3"
127, "Walk don't run backing", "http://goran.tangring.com/backings/Walk%20don't%20run%20backing.mp3", "http://goran.tangring.com/tabs/Walk%20Don't%20Run.txt", "http://goran.tangring.com/chords/Walk_don't_run_chords.txt", "http://goran.tangring.com/Renditions/The%20Shadows%20(Goran)%20-%20Walk%20don't%20run.mp3"
128, "What a Lovely Tune backing", "http://goran.tangring.com/backings/What%20a%20Lovely%20Tune%20backing.mp3", "", "", "http://goran.tangring.com/Renditions/The%20Shadows%20(Goran)%20-%20What%20a%20Lovely%20Tune.mp3"
129, "Windjammer backing", "http://goran.tangring.com/backings/Windjammer%20backing.mp3", "http://goran.tangring.com/tabs/The%20Windjammer%20%20tab.txt", "http://goran.tangring.com/chords/Windjammer.txt", "http://goran.tangring.com/Renditions/The%20Shadows%20(Goran)%20-%20Windjammer.mp3"
130, "Wonderful Land Backing Track", "http://goran.tangring.com/backings/Wonderful%20Land%20Backing%20Track(Goran).mp3", "http://goran.tangring.com/tabs/wonderfulland.tab", "http://goran.tangring.com/chords/WonderfulLand.txt", "http://goran.tangring.com/Renditions/The%20Shadows%20(Goran)%20-%20Wonderful%20Land.mp3"
131, "Zambesi Backing track", "http://goran.tangring.com/backings/Zambesi%20Backing%20track(Goran).mp3", "http://goran.tangring.com/tabs/Zambesi%20tab.txt", "http://goran.tangring.com/chords/Zambesi.xls", "http://goran.tangring.com/Renditions/The%20Shadows%20(Goran)%20-%20Zambesi.mp3"
132, "", "", "", "", ""
133, "<font size="6">Misc. recordings</font>", "http://goran.tangring.com/backings/Zambesi%20Backing%20track(Goran).mp3", "", "", ""
134, "Jessica (Allman bros) backing with harmony lead", "http://goran.tangring.com/backings/Jessica%20(Allman%20bros)%20backing.mp3", "", "", "http://goran.tangring.com/Renditions/The%20Shadows%20(Goran)%20-%20Jessica%20.mp3"
135, "Johnny Guitar backing", "http://goran.tangring.com/backings/Johnny%20Guitar%20backing.mp3", "http://goran.tangring.com/tabs/Johnny%20Guitar.txt", "http://goran.tangring.com/chords/Johnny%20guitar%20chords.xls", "http://goran.tangring.com/Renditions/The%20Shadowsstyle%20(Goran)%20-%20Johnny%20Guitar.mp3"
136, "La Comparsa backing", "http://goran.tangring.com/backings/La%20Comparsa%20backing.mp3", "http://goran.tangring.com/tabs/LA_Comparsa_tab.txt", "http://goran.tangring.com/chords/La%20Comparsa%20chords.xls", "http://goran.tangring.com/Renditions/The%20Shadowsstyle%20(Goran)%20-%20La%20Comparsa.mp3"
137, "La Comparsa backing WITH strings and choir", "http://goran.tangring.com/backings/La%20Comparsa%20backing%20WITH%20strings%20and%20choir.mp3", "", "", ""
138, "Amapola backing", "http://goran.tangring.com/backings/Amapola%20backing.mp3", "http://goran.tangring.com/tabs/Amapola.txt", "http://goran.tangring.com/chords/Amapola%20chords.txt", "http://goran.tangring.com/Renditions/The%20Spotnicks%20(Goran)%20-%20Amapola.mp3"
139, "Moonshot backing", "http://goran.tangring.com/backings/Moonshot%20backing.mp3", "http://goran.tangring.com/tabs/Moonshot_tab.txt", "http://goran.tangring.com/chords/Moonshot.xls", "http://goran.tangring.com/Renditions/The%20Spotnicks%20(Goran)%20-%20Moonshot.mp3"
140, "Trambone backing", "http://goran.tangring.com/backings/Trambone%20backing.mp3", "", "", "http://goran.tangring.com/Renditions/The%20Spotnicks%20(Goran)%20-%20Trambone.mp3"
141, "Karelia backing (Vintage version B minor)", "http://goran.tangring.com/backings/Karelia%20backing.mp3", "", "http://goran.tangring.com/chords/Karelia%20chords.xls", "http://goran.tangring.com/Renditions/The%20Spotnicks%20(Goran)%20-%20Karelia.mp3"
142, "Karelia backing modern version A Minor with string pad", "http://goran.tangring.com/backings/Karelia%20backing%20modern%20version%20A%20Minor%20with%20string%20pad.mp3", "http://goran.tangring.com/tabs/Karelia.txt", "", "http://goran.tangring.com/Renditions/The%20Spotnicks%20(Goran)%20-%20Karelia%20modern%20version%20A%20minor%20(with%20string%20pad).mp3"
143, "Last Date backing on The Goldfingers page", "http://goran.tangring.com/backings/The%20Goldfingers/Last%20Date%20backing.mp3", "http://goran.tangring.com/tabs/Last%20Date%20TAB.txt", "", "http://goran.tangring.com/Renditions/The%20Spotnicks%20(Goran)%20-%20Last%20Date.mp3"
144, "Hot Toddy backing", "http://goran.tangring.com/backings/Hot%20Toddy%20backing.mp3", "http://goran.tangring.com/tabs/Hot%20Toddy_tab.txt", "http://goran.tangring.com/chords/Hot%20Toddy.txt", "http://goran.tangring.com/Renditions/The%20Spotnicks%20(Goran)%20-%20Hot%20Toddy.mp3"
145, "Pony express backing on Goldfingers' page", "http://goran.tangring.com/backings/The%20Goldfingers/Pony%20Express%20backing.mp3", "http://goran.tangring.com/tabs/Pony%20Express_tab.txt", "", "http://goran.tangring.com/Renditions/The%20Spotnicks%20(Goran)%20-%20Pony%20Express.mp3"
146, "Skintops Blues backing", "http://goran.tangring.com/backings/Skintops%20Blues%20backing.mp3", "http://goran.tangring.com/tabs/Other%20artists/Skintops%20Blues_tab.txt", "", "http://goran.tangring.com/Renditions/The%20Spotnicks%20(Goran)%20-%20Skintops%20Blues.mp3"
147, "Spotnicks Theme backing", "http://goran.tangring.com/backings/Spotnicks%20Theme%20backing.mp3", "", "", "http://goran.tangring.com/Renditions/The%20Spotnicks%20(Goran)%20-%20Spotnicks%20Theme.mp3"
148, "Western Guitar backing", "http://goran.tangring.com/backings/Western%20Guitar%20backing.mp3", "http://goran.tangring.com/tabs/Western%20Guitar_The%20Spotnicks-Goran_tab_opens%20with%20wordpad.txt", "", "http://goran.tangring.com/Renditions/The%20Spotnicks%20(Goran)%20-%20Western%20Guitar.mp3"
149, "", "", "", "", "http://goran.tangring.com/Renditions/I_Am_Free_Tangring_Leary.mp3"
150, "", "", "", "", "http://goran.tangring.com/Renditions/Blues%20(Goran)%20-%20On%20and%20On%20Blues.mp3"
151, "BB King style Blues backing", "http://goran.tangring.com/backings/BB%20King%20style%20Blues%20backing.mp3", "", "", "http://goran.tangring.com/Renditions/BBking%20Blues%204x10.mp3"
152, "A major Blues backing", "http://goran.tangring.com/backings/A%20major%20Blues%20backing.mp3", "", "", "http://goran.tangring.com/Renditions/Bluestest2.mp3"
153, "A minor Blues backing", "http://goran.tangring.com/backings/A%20minor%20Blues%20backing.mp3", "", "", "http://goran.tangring.com/Renditions/Minor%20Blues.mp3"
154, "Sockerbagaren backing", "http://goran.tangring.com/backings/Sockerbagaren%20backing.mp3", "", "", "http://goran.tangring.com/Renditions/The%20Shadowsstyle%20(Goran)%20-%20Sockerbagaren.mp3"
155, "House of the rising sun backing", "http://goran.tangring.com/backings/House%20of%20the%20rising%20sun%20backing.mp3", "", "", "http://goran.tangring.com/Renditions/The%20Shadowsstyle%20(Goran)%20-%20House%20of%20the%20rising%20sun.mp3"
156, "Manha de Carneval backing", "http://goran.tangring.com/backings/Manha%20de%20Carneval%20backing.mp3", "", "", "http://goran.tangring.com/Renditions/The%20Shadowsstyle%20(Goran)%20-%20Manha%20de%20Carneval.mp3"
157, "", "", "", "", "http://goran.tangring.com/Renditions/The%20Shadowsstyle%20(Goran)%20-%20Carioca.mp3"
158, "", "", "", "", "http://goran.tangring.com/Renditions/Chet%20Atkinsstyle(Goran)%20-%20Dizzy%20Fingers.mp3"
159, "", "", "", "", "http://goran.tangring.com/Renditions/The%20Shadowsstyle%20(Goran)%20-%20Zamba%20Zoo.mp3"
160, "", "", "", "", "http://goran.tangring.com/Renditions/The%20Shadowsstyle%20(Goran)%20-%20Anthem.mp3"
161, "", "", "", "", "http://goran.tangring.com/Renditions/The%20Shadowsstyle%20(Goran)%20-%20Blue%20Eyes.mp3"
162, "Seven Spanish Angels backing", "http://goran.tangring.com/backings/Seven%20Spanish%20Angels%20backing.mp3", "", "", "http://goran.tangring.com/Renditions/The%20Shadowsstyle%20(Goran)%20-%20Seven%20Spanish%20Angels.mp3"
163, "", "", "", "", "http://goran.tangring.com/Renditions/The%20Shadowsstyle%20(Goran)%20-%20Club%20at%20the%20end%20of%20the%20street.mp3"
164, "Country Roads backing", "http://goran.tangring.com/backings/Country%20Roads%20backing.mp3", "", "", "http://goran.tangring.com/Renditions/The%20Shadowsstyle%20(Goran)%20-%20Country%20Roads.mp3"
165, "", "", "", "", "http://goran.tangring.com/Renditions/The%20Shadowsstyle%20(Goran)%20-%20Eye%20Of%20The%20Tiger.mp3"
166, "If backing", "http://goran.tangring.com/backings/If%20backing.mp3", "", "", "http://goran.tangring.com/Renditions/The%20Shadowsstyle%20(Goran)%20-%20If.mp3"
167, "", "", "", "", "http://goran.tangring.com/Renditions/The%20Shadowsstyle%20(Goran)%20-%20Jazz%20for%20Zara.mp3"
168, "Unchained Melody backing", "http://goran.tangring.com/backings/Unchained%20Melody(Backing).mp3", "http://goran.tangring.com/tabs/Unchained%20Melody%20(Bille)%20tab.txt", "", "http://goran.tangring.com/Renditions/Unchained%20Melody%20(Goran).mp3"
169, "", "", "", "", "http://goran.tangring.com/Renditions/The%20Shadowsstyle%20(Goran)%20-%20Sixty%20Years%20On.mp3"
170, "Novelty Accordeon backing", "http://goran.tangring.com/backings/Novelty%20Accordeon%20backing.mp3", "", "", "http://goran.tangring.com/Renditions/Novelty%20Accordeon%20(Goran).mp3"
171, "", "", "", "", "http://goran.tangring.com/Classics/Chet_Atkinsstyle(Goran)-Varmlandsvisan.mp3"
172, "Backings", "http://goran.tangring.com/backings/Unchained%20Melody(Backing).mp3", "", "", ""
173, "Apache backing (no guitars)", "http://goran.tangring.com/backings/No%20guitars/Apache%20backing%20(no%20guitars).mp3", "", "", ""
174, "Round &amp; Round backing (no guitars)", "http://goran.tangring.com/backings/No%20guitars/Round%20&%20Round%20backing%20(no%20guitars).mp3", "", "", ""
175, "The Lost City backing (no guitars)", "http://goran.tangring.com/backings/No%20guitars/The%20Lost%20City%20backing%20(no%20guitars).mp3", "", "", ""
176, "The Savage backing (no guitars)", "http://goran.tangring.com/backings/No%20guitars/The%20Savage%20backing%20(no%20guitars).mp3", "", "", ""
177, "The Stranger backing (no guitars)", "http://goran.tangring.com/backings/No%20guitars/The%20Stranger%20backing%20(no%20guitars).mp3", "", "", ""
178, "", "", "", "", ""
179, "Backings with only bass &amp; drum", "http://goran.tangring.com/backings/Unchained%20Melody(Backing).mp3", "", "", ""
180, "Apache backing (Bass_drums)", "http://goran.tangring.com/backings/No%20guitars/Apache%20backing%20(no%20guitars).mp3", "", "", ""
181, "Atlantis backing (bass_drums)", "http://goran.tangring.com/backings/No%20guitars/Atlantis%20backing%20(bass_drums).mp3", "", "", ""
182, "Cosy backing (bass_drums)", "http://goran.tangring.com/backings/No%20guitars/Cosy%20backing%20(bass_drums).mp3", "", "", ""
183, "Gonzales backing (bass_drums)", "http://goran.tangring.com/backings/No%20guitars/Gonzales%20backing%20(bass_drums).mp3", "", "", ""
184, "Peace Pipe backing (bass_drums)", "http://goran.tangring.com/backings/No%20guitars/Peace%20Pipe%20backing%20(bass_drums).mp3", "", "", ""
185, "Spring is nearly here backing (bass_drums)", "http://goran.tangring.com/backings/No%20guitars/Spring%20is%20nearly%20here%20backing%20(bass_drums).mp3", "", "", ""
186, "TFYL backing (bass_drums)", "http://goran.tangring.com/backings/No%20guitars/TFYL%20backing%20(bass_drums).mp3", "", "", ""
187, "The Savage backing (bass_drums)", "http://goran.tangring.com/backings/No%20guitars/The%20Savage%20backing%20(no%20guitars).mp3", "", "", ""
188, "WLand backing (bass_drums)", "http://goran.tangring.com/backings/No%20guitars/WLand%20backing%20(bass_drums).mp3", "", "", ""
189, "Guitar Tango backing (no horns,strings)", "http://goran.tangring.com/backings/No%20guitars/Guitar%20Tango%20(no%20horns,strings).mp3", "", "", ""
190, "Classical Recordings", "http://goran.tangring.com/backings/No%20guitars/WLand%20backing%20(bass_drums).mp3", "", "", ""
191, "", "", "", "", "http://goran.tangring.com/Classics/Bulman's%20Pavane%20(Goran).mp3"
192, "", "", "", "", "http://goran.tangring.com/Classics/Carulli%20Largo%20duet%20nr%202%20%20op%2034.mp3"
193, "", "", "", "", "http://goran.tangring.com/Classics/Carulli%20Rondo%20duet%20nr%202%20%20op%2034.mp3"
194, "", "", "", "", "http://goran.tangring.com/Classics/Leyenda.mp3"
195, "", "", "", "", "http://goran.tangring.com/Classics/Suite%20D%20mineur%20-%20Visee.mp3"
196, "", "", "", "", "http://goran.tangring.com/Classics/Tarrega%20-%20Capricho%20Arabe.mp3"
197, "", "", "", "", "http://goran.tangring.com/Classics/Tanz.mp3"
198, "", "", "", "", "http://goran.tangring.com/Classics/Guiliani%20Rondo.mp3"
199, "", "", "", "", "http://goran.tangring.com/Classics/Guiliani%20Sonatine2.mp3"
200, "", "", "", "", "http://goran.tangring.com/Classics/Guiliani%20Sonatine3%20andantino%20sostenuto.mp3"
201, "", "", "", "", "Haendel%20Allegro%20Am"
202, "", "", "", "", "http://goran.tangring.com/Classics/Recuerdos%20De%20La%20Alhambra.mp3"
203, "", "", "", "", "http://goran.tangring.com/Classics/L'encouragement.mp3"
204, "", "", "", "", "http://goran.tangring.com/Classics/L'encouragement%20Thema.mp3"
205, "", "", "", "", "http://goran.tangring.com/Classics/L'encouragement%20Thema%20var%201.mp3"
206, "", "", "", "", "http://goran.tangring.com/Classics/L'encouragement%20Thema%20var%202.mp3"
207, "", "", "", "", "http://goran.tangring.com/Classics/Variations%20on%20a%20theme%20by%20Mozart.mp3"
208, "", "", "", "", "http://goran.tangring.com/Classics/Romance%20d'Amour%20(anonymous).mp3"
209, "", "", "", "", ""
210, "", "", "", "", ""
211, "", "", "", "", ""
212, "", "", "", "", ""
